{
  "Vectorflow": {
    "sslCertificateId": null,
    "msconnectorversion": null,
    "connectorms": false,
    "externalconnectiontype": "REST",
    "connectionname": "Vectorflow",
    "templateName": null,
    "statusForEnableDisable": 1,
    "vaultCredentialConnection": null,
    "sslCertificate": null,
    "vaultConfig": null,
    "credentialChangeConfig": null,
    "templateMandatoryData": null,
    "connectorType": null,
    "status": 1,
    "connectiondescription": "Vectorflow",
    "EXTERNAL_ATTR": 
    [
      {
        "formdata": null,
        "credentialSaveStatus": false,
        "attributename": "ConnectionJSON",
        "encryptedattributevalue": "W0BQwICJgA4QnMUdMobNxg=="
      },
      {
        "encryptedattributevalue": "",
        "formdata": null,
        "attributename": "ImportUserJSON",
        "credentialSaveStatus": false
      },
      {
        "formdata": null,
        "credentialSaveStatus": false,
        "encryptedattributevalue": "{\r\n  \"accountParams\": {\r\n    \"connection\": \"acctAuth\",\r\n    \"processingType\": \"SequentialAndIterative\",\r\n    \"statusAndThresholdConfig\": {\r\n      \"statusColumn\": \"customproperty3\",\r\n      \"activeStatus\": [\r\n        \"true\",\r\n        \"active\",\r\n        \"Active\",\r\n        1\r\n      ],\r\n      \"deleteLinks\": true,\r\n      \"accountThresholdValue\": 25000,\r\n      \"correlateInactiveAccounts\": true,\r\n       \"accountsNotInImportAction\":\"Suspend\",\r\n      \"deleteAccEntForActiveAccounts\": true\r\n    },\r\n    \"includeExistingInActiveAccounts\": true,\r\n    \"call\": {\r\n      \"call1\": {\r\n        \"callOrder\": 0,\r\n        \"stageNumber\": 0,\r\n        \"http\": {\r\n          \"url\": \"https://<URL>/api/v2/user/all?pagenumber=1\",\r\n          \"httpHeaders\": {\r\n            \"contentType\": \"application/json\",\r\n            \"Authorization\": \"${access_token}\",\r\n            \"Accept\": \"application/json\"\r\n          },\r\n          \"httpContentType\": \"application/json\",\r\n          \"httpMethod\": \"GET\"\r\n        },\r\n        \"successResponses\": {\r\n          \"statusCode\": [\r\n            200,\r\n            201,\r\n            200,\r\n            204\r\n          ]\r\n        },\r\n        \"unsuccessResponses\": {\r\n          \"statusCode\": [\r\n            400,\r\n            403,\r\n            401,\r\n            404,\r\n            409,\r\n            501,\r\n            500,503\r\n          ]\r\n        },\r\n        \"listField\": \"resources\",\r\n        \"keyField\": \"accountID\",\r\n        \"statusConfig\": {\r\n          \"active\": \"Active\",\r\n          \"inactive\": \"Inactive\"\r\n        },\r\n        \"colsToPropsMap\": {\r\n          \"accountID\": \"id~#~char\",\r\n          \"name\": \"username~#~char\",\r\n          \"displayName\": \"name.firstname~#~char\",\r\n          \"customproperty1\": \"name.firstname~#~char\",\r\n          \"customproperty2\": \"name.lastname~#~char\",\r\n          \"customproperty3\": \"status~#~char\",\r\n          \"status\": \"status~#~char\",\r\n          \"customproperty4\": \"username~#~char\",\r\n          \"customproperty5\": \"id~#~char\",\r\n          \"customproperty6\": \"corporateid~#~char\",\r\n          \"customproperty7\": \"location.site~#~char\",\r\n          \"customproperty8\": \"email.primary~#~char\",\r\n          \"customproperty9\": \"email.secondary~#~char\",\r\n          \"customproperty10\": \"type~#~char\",\r\n          \"customproperty11\": \"userdefined.text1~#~char\",\r\n          \"customproperty12\": \"userdefined.text2~#~char\",\r\n          \"customproperty13\": \"userdefined.text3~#~char\",\r\n          \"customproperty14\": \"userdefined.text4~#~char\",\r\n          \"customproperty15\": \"userdefined.text5~#~char\",\r\n          \"customproperty16\": \"userdefined.text6~#~char\",\r\n          \"customproperty17\": \"userdefined.text7~#~char\",\r\n          \"customproperty18\": \"userdefined.text8~#~char\",\r\n          \"customproperty19\": \"companyname~#~char\",\r\n          \"customproperty20\": \"companycode~#~char\",\r\n          \"customproperty21\": \"hiringcompanyname~#~char\",\r\n          \"customproperty22\": \"managerusername~#~char\",\r\n          \"customproperty23\": \"address.country~#~char\",\r\n          \"customproperty24\": \"address.city~#~char\",\r\n          \"customproperty25\": \"dates.start~#~char\",\r\n          \"customproperty26\": \"dates.end~#~char\",\r\n          \"customproperty27\": \"job.title~#~char\",\r\n      \"customproperty28\": \"phone.work~#~char\",\r\n          \"customproperty29\": \"phone.mobile~#~char\",\r\n          \"customproperty31\": \"STORE#ACC#ENT#MAPPINGINFO~#~char\"\r\n        },\r\n        \"pagination\": {\r\n          \"nextUrl\": {\r\n            \"nextUrlPath\": \"${(response?.completeResponseMap?.nextUri==null)?null:'https://<URL>'+ response.completeResponseMap.nextUri.replaceAll(' ','+')}\"\r\n          }\r\n        }\r\n      }\r\n    }\r\n  }\r\n}",
        "attributename": "ImportAccountEntJSON"
      },
      {
        "formdata": null,
        "credentialSaveStatus": false,
        "encryptedattributevalue": "{\r\n  \"statusAndThresholdConfig\": {\r\n      \"statusColumn\": \"customproperty3\",\r\n      \"activeStatus\": [\r\n        \"true\",\r\n        \"active\", \"Active\",1\r\n      ],\r\n      \"deleteLinks\": true,\r\n      \"accountThresholdValue\": 25000,\r\n      \"correlateInactiveAccounts\": true,\r\n    \"accountsNotInImportAction\":\"Suspend\",\r\n      \"deleteAccEntForActiveAccounts\": true\r\n    }\r\n}",
        "attributename": "STATUS_THRESHOLD_CONFIG"
      },
      {
        "formdata": null,
        "encryptedattributevalue": "{\r\n  \"accountIdPath\": \"call1.message.user.id\",\r\n  \"responseColsToPropsMap\": {\r\n    \"customproperty1\": \"call1.message.user.name.firstname~#~char \",\r\n    \"customproperty2\": \"call1.message.user.name.lastname~#~char \",\r\n     \"customproperty3\": \"call1.message.user.status~#~char \",\"customproperty4\": \"call1.message.user.username~#~char \",\r\n    \"customproperty5\": \"call1.message.user.id~#~char \",\r\n    \"customproperty6\": \"call1.message.user.corporateid~#~char \",\r\n    \"customproperty8\": \"call1.message.user.email.primary~#~char \",\r\n     \"customproperty9\": \"call1.message.user.email.secondary~#~char \",\r\n      \"customproperty10\": \"call1.message.user.type~#~char \",\r\n       \"customproperty22\": \"call1.message.user.managerusername~#~char \",\r\n    \"customproperty25\": \"call1.message.user.dates.start~#~char\"\r\n  },\r\n  \"call\": [\r\n    {\r\n      \"name\": \"call1\",\r\n      \"connection\": \"acctAuth\",\r\n      \"url\": \"https://<URL>/api/v2/user\",\r\n      \"httpMethod\": \"POST\",\r\n      \"httpParams\": \"{\\\"user\\\": {\\\"name\\\" : { \\\"firstname\\\" : \\\"${user.firstname==null?'':user.firstname}\\\", \\\"lastname\\\" : \\\"${user.lastname==null?'':user.lastname}\\\", \\\"middlename\\\" : \\\"${user.middlename==null?'':user.middlename}\\\",\\\"preferred_lastname\\\" : \\\"${user.customproperty8}\\\",\\\"preferred_firstname\\\" : \\\"${user.preferedFirstName}\\\"},\\\"email\\\":{\\\"primary\\\":\\\"${user.email==null?'':user.email}\\\",\\\"secondary\\\":\\\"${user.secondaryEmail==null?'':user.secondaryEmail}\\\"},\\\"dates\\\":{\\\"start\\\":\\\"${user.startdate==null?'':user.startdate}\\\"},\\\"phone\\\":{\\\"work\\\":\\\"${user.phonenumber==null?'':user.phonenumber}\\\",\\\"mobile\\\":\\\"${user.secondaryPhone==null?'':user.secondaryPhone}\\\"},\\\"location\\\":{\\\"site\\\":\\\"${user.customproperty22==null?'':user.customproperty22}\\\",\\\"name\\\":\\\"${user.siteid==null?'':user.siteid}\\\"},\\\"job\\\":{\\\"code\\\":\\\"${user.jobCode==null?'':user.jobCode}\\\",\\\"title\\\":\\\"${user.title==null?'':user.title}\\\"},\\\"address\\\":{\\\"addressline1\\\":\\\"${user.street==null?'':user.street}\\\",\\\"city\\\":\\\"${user.city==null?'':user.city}\\\",\\\"state\\\":\\\"${user.state==null?'':user.state}\\\",\\\"country\\\":\\\"${user.customproperty50==null?'':user.customproperty50}\\\",\\\"zip\\\":\\\"${user.regioncode==null?'':user.regioncode}\\\"},\\\"userdefined\\\":{\\\"text1\\\":\\\"${user.customproperty1==null?'':user.customproperty1}\\\",\\\"text2\\\":\\\"${user.customproperty3==null?'':user.customproperty3}\\\",\\\"text3\\\":\\\"${user.departmentNumber==null?'':user.departmentNumber}\\\",\\\"text4\\\":\\\"${user.customproperty2==null?'':user.customproperty2}\\\",\\\"text5\\\":\\\"${user.customproperty4==null?'':user.customproperty4}\\\",\\\"text6\\\":\\\"${user.departmentname==null?'':user.departmentname}\\\",\\\"text7\\\":\\\"${user.customproperty45==null?'':user.customproperty45}\\\",\\\"text8\\\":\\\"${user.customproperty47==null?'':user.customproperty47}\\\"},\\\"status\\\": \\\"${user.statuskey}\\\", \\\"corporateid\\\":\\\"${user.employeeid==null?'':user.employeeid}\\\",\\\"username\\\": \\\"${user.systemUserName==null?'':user.systemUserName}\\\",\\\"type\\\": \\\"${user.employeeclass==null?'':user.employeeclass}\\\",\\\"companyname\\\": \\\"${user.companyname}\\\", \\\"companycode\\\": \\\"${user.customproperty40}\\\", \\\"hiringcompanyname\\\":\\\" ${user.customproperty6}\\\", \\\"managerusername\\\": \\\"${userManager.systemUserName}\\\"}}\",\r\n      \"httpHeaders\": {\r\n        \"Authorization\": \"${access_token}\",\r\n        \"Accept\": \"application/json\"\r\n      },\r\n      \"httpContentType\": \"application/json\",\r\n      \"successResponses\": {\r\n        \"statusCode\": [\r\n          200,\r\n          201,\r\n          204\r\n        ]\r\n      },\r\n      \"unsuccessResponses\": {\r\n        \"statusCode\": [\r\n          400,\r\n          403,\r\n          401,\r\n          404,\r\n          409,\r\n          501,\r\n          500,503\r\n        ]\r\n      }\r\n    }\r\n  ]\r\n}",
        "credentialSaveStatus": false,
        "attributename": "CreateAccountJSON"
      },
      {
        "formdata": null,
        "encryptedattributevalue": "{\r\n  \"responseColsToPropsMap\": {\r\n    \"customproperty5\": \"call1.message.user.id~#~char \",\r\n    \"id\": \"call1.message.user.id~#~char \"\r\n  },\r\n  \"call\": [\r\n    {\r\n      \"name\": \"call1\",\r\n      \"connection\": \"acctAuth\",\r\n      \"url\": \"https://<URL>/api/v2/user/${account.accountID}\",\r\n      \"httpMethod\": \"PUT\",\r\n      \"httpParams\": \"{\\\"user\\\": {\\\"name\\\" : { \\\"firstname\\\" : \\\"${user.firstname==null?'':user.firstname}\\\", \\\"lastname\\\" : \\\"${user.lastname==null?'':user.lastname}\\\", \\\"middlename\\\" : \\\"${user.middlename==null?'':user.middlename}\\\",\\\"preferred_lastname\\\" : \\\"${user.customproperty8}\\\",\\\"preferred_firstname\\\" : \\\"${user.preferedFirstName}\\\"},\\\"email\\\":{\\\"primary\\\":\\\"${user.email==null?'':user.email}\\\",\\\"secondary\\\":\\\"${user.secondaryEmail==null?'':user.secondaryEmail}\\\"}, \\\"dates\\\":{\\\"start\\\":\\\"${user.startdate==null?'':user.startdate}\\\"},\\\"phone\\\":{\\\"work\\\":\\\"${user.phonenumber==null?'':user.phonenumber}\\\",\\\"mobile\\\":\\\"${user.secondaryPhone==null?'':user.secondaryPhone}\\\"},\\\"location\\\":{\\\"site\\\":\\\"${user.customproperty22==null?'':user.customproperty22}\\\",\\\"name\\\":\\\"${user.siteid==null?'':user.siteid}\\\"},\\\"job\\\":{\\\"code\\\":\\\"${user.jobCode==null?'':user.jobCode}\\\",\\\"title\\\":\\\"${user.title==null?'':user.title}\\\"},\\\"address\\\":{\\\"addressline1\\\":\\\"${user.street==null?'':user.street}\\\",\\\"city\\\":\\\"${user.city==null?'':user.city}\\\",\\\"state\\\":\\\"${user.state==null?'':user.state}\\\",\\\"country\\\":\\\"${user.customproperty50==null?'':user.customproperty50}\\\",\\\"zip\\\":\\\"${user.regioncode==null?'':user.regioncode}\\\"},\\\"userdefined\\\":{\\\"text1\\\":\\\"${user.customproperty1==null?'':user.customproperty1}\\\",\\\"text2\\\":\\\"${user.customproperty3==null?'':user.customproperty3}\\\",\\\"text3\\\":\\\"${user.departmentNumber==null?'':user.departmentNumber}\\\",\\\"text4\\\":\\\"${user.customproperty2==null?'':user.customproperty2}\\\",\\\"text5\\\":\\\"${user.customproperty4==null?'':user.customproperty4}\\\",\\\"text6\\\":\\\"${user.departmentname==null?'':user.departmentname}\\\",\\\"text7\\\":\\\"${user.customproperty45==null?'':user.customproperty45}\\\",\\\"text8\\\":\\\"${user.customproperty47==null?'':user.customproperty47}\\\"},\\\"status\\\": \\\"${user.statuskey}\\\",\\\"corporateid\\\":\\\" ${user.employeeid==null?'':user.employeeid}\\\",\\\"username\\\": \\\"${user.systemUserName==null?'':user.systemUserName}\\\",\\\"type\\\": \\\"${user.employeeclass==null?'':user.employeeclass}\\\",\\\"companyname\\\": \\\"${user.companyname}\\\", \\\"companycode\\\": \\\"${user.customproperty40}\\\", \\\"hiringcompanyname\\\":\\\" ${user.customproperty6}\\\", \\\"managerusername\\\": \\\"${userManager.systemUserName}\\\"}}\",\r\n      \"httpHeaders\": {\r\n        \"Authorization\": \"${access_token}\",\r\n        \"Accept\": \"application/json\",\r\n        \"contentType\": \"application/json\"\r\n      },\r\n      \"httpContentType\": \"application/json\",\r\n      \"successResponses\": {\r\n        \"statusCode\": [\r\n          200,\r\n          201,\r\n          204\r\n        ]\r\n      },\r\n      \"unsuccessResponses\": {\r\n        \"statusCode\": [\r\n          400,\r\n          403,\r\n          401,\r\n          404,\r\n          409,\r\n          501,\r\n          500,503\r\n        ]\r\n      }\r\n    }\r\n  ]\r\n}",
        "attributename": "UpdateAccountJSON",
        "credentialSaveStatus": false
      },
      {
        "formdata": null,
        "credentialSaveStatus": false,
        "attributename": "EnableAccountJSON",
        "encryptedattributevalue": "{\r\n  \"responseColsToPropsMap\": {\r\n    \"customproperty5\": \"call1.message.user.id~#~char \"\r\n  },\r\n  \"call\": [\r\n    {\r\n      \"name\": \"call1\",\r\n      \"connection\": \"acctAuth\",\r\n      \"url\": \"https://<URL>/api/v2/user/${account.accountID}\",\r\n      \"httpMethod\": \"PUT\",\r\n      \"httpParams\": \"{\\\"user\\\": {\\\"name\\\" : { \\\"firstname\\\" : \\\"${user.firstname==null?'':user.firstname}\\\", \\\"lastname\\\" : \\\"${user.lastname==null?'':user.lastname}\\\", \\\"middlename\\\" : \\\"${user.middlename==null?'':user.middlename}\\\",\\\"preferred_lastname\\\" : \\\"${user.customproperty8}\\\",\\\"preferred_firstname\\\" : \\\"${user.preferedFirstName}\\\"},\\\"email\\\":{\\\"primary\\\":\\\"${user.email==null?'':user.email}\\\",\\\"secondary\\\":\\\"${user.secondaryEmail==null?'':user.secondaryEmail}\\\"}, \\\"dates\\\":{\\\"start\\\":\\\"${user.startdate==null?'':user.startdate}\\\"},\\\"phone\\\":{\\\"work\\\":\\\"${user.phonenumber==null?'':user.phonenumber}\\\",\\\"mobile\\\":\\\"${user.secondaryPhone==null?'':user.secondaryPhone}\\\"},\\\"location\\\":{\\\"site\\\":\\\"${user.customproperty22==null?'':user.customproperty22}\\\",\\\"name\\\":\\\"${user.siteid==null?'':user.siteid}\\\"},\\\"job\\\":{\\\"code\\\":\\\"${user.jobCode==null?'':user.jobCode}\\\",\\\"title\\\":\\\"${user.title==null?'':user.title}\\\"},\\\"address\\\":{\\\"addressline1\\\":\\\"${user.street==null?'':user.street}\\\",\\\"city\\\":\\\"${user.city==null?'':user.city}\\\",\\\"state\\\":\\\"${user.state==null?'':user.state}\\\",\\\"country\\\":\\\"${user.customproperty50==null?'':user.customproperty50}\\\",\\\"zip\\\":\\\"${user.regioncode==null?'':user.regioncode}\\\"},\\\"userdefined\\\":{\\\"text1\\\":\\\"${user.customproperty1==null?'':user.customproperty1}\\\",\\\"text2\\\":\\\"${user.customproperty3==null?'':user.customproperty3}\\\",\\\"text3\\\":\\\"${user.departmentNumber==null?'':user.departmentNumber}\\\",\\\"text4\\\":\\\"${user.customproperty2==null?'':user.customproperty2}\\\",\\\"text5\\\":\\\"${user.customproperty4==null?'':user.customproperty4}\\\",\\\"text6\\\":\\\"${user.departmentname==null?'':user.departmentname}\\\",\\\"text7\\\":\\\"${user.customproperty45==null?'':user.customproperty45}\\\",\\\"text8\\\":\\\"${user.customproperty47==null?'':user.customproperty47}\\\"},\\\"status\\\": \\\"${user.statuskey}\\\",\\\"corporateid\\\":\\\" ${user.employeeid==null?'':user.employeeid}\\\",\\\"username\\\": \\\"${user.systemUserName==null?'':user.systemUserName}\\\",\\\"type\\\": \\\"${user.employeeclass==null?'':user.employeeclass}\\\",\\\"companyname\\\": \\\"${user.companyname}\\\", \\\"companycode\\\": \\\"${user.customproperty40}\\\", \\\"hiringcompanyname\\\":\\\" ${user.customproperty6}\\\", \\\"managerusername\\\": \\\"${userManager.systemUserName}\\\"},\\\"status\\\": \\\"active\\\"}\",\r\n      \"httpHeaders\": {\r\n        \"Authorization\": \"${access_token}\",\r\n        \"Accept\": \"application/json\",\r\n        \"contentType\": \"application/json\"\r\n      },\r\n      \"httpContentType\": \"application/json\",\r\n      \"successResponses\": {\r\n        \"statusCode\": [\r\n          200,\r\n          201,\r\n          204\r\n        ]\r\n      },\r\n      \"unsuccessResponses\": {\r\n        \"statusCode\": [\r\n          400,\r\n          403,\r\n          401,\r\n          404,\r\n          409,\r\n          501,\r\n          500,\r\n          503\r\n        ]\r\n      }\r\n    }\r\n  ]\r\n}"
      },
      {
        "encryptedattributevalue": "{\r\n  \"call\": [\r\n    {\r\n      \"name\": \"call1\",\r\n      \"connection\": \"acctAuth\",\r\n      \"url\": \"https://<URL>/api/v2/user/${account.accountID}\",\r\n      \"httpMethod\": \"PUT\",\r\n      \"httpParams\": \"{\\\"user\\\":{ \\\"status\\\": \\\"0\\\"}}\",\r\n      \"httpHeaders\": {\r\n        \"Authorization\": \"${access_token}\",\r\n        \"Accept\": \"application/json\",\r\n        \"contentType\": \"application/json\"\r\n      },\r\n      \"httpContentType\": \"application/json\",\r\n      \"successResponses\": {\r\n        \"statusCode\": [\r\n          200,\r\n          201,\r\n          204\r\n        ]\r\n      },\r\n      \"unsuccessResponses\": {\r\n        \"statusCode\": [\r\n          400,\r\n          403,\r\n          401,\r\n          404,\r\n          409,\r\n          501,\r\n          500,503\r\n        ]\r\n      }\r\n    }\r\n  ]\r\n}",
        "formdata": null,
        "credentialSaveStatus": false,
        "attributename": "DisableAccountJSON"
      },
      {
        "encryptedattributevalue": "",
        "formdata": null,
        "credentialSaveStatus": false,
        "attributename": "AddAccessJSON"
      },
      {
        "encryptedattributevalue": "",
        "formdata": null,
        "credentialSaveStatus": false,
        "attributename": "RemoveAccessJSON"
      },
      {
        "encryptedattributevalue": "",
        "formdata": null,
        "credentialSaveStatus": false,
        "attributename": "UpdateUserJSON"
      },
      {
        "encryptedattributevalue": "",
        "formdata": null,
        "attributename": "ChangePassJSON",
        "credentialSaveStatus": false
      },
      {
        "encryptedattributevalue": "",
        "formdata": null,
        "attributename": "RemoveAccountJSON",
        "credentialSaveStatus": false
      },
      {
        "encryptedattributevalue": "",
        "formdata": null,
        "credentialSaveStatus": false,
        "attributename": "TicketStatusJSON"
      },
      {
        "attributename": "CreateTicketJSON",
        "encryptedattributevalue": "",
        "formdata": null,
        "credentialSaveStatus": false
      },
      {
        "encryptedattributevalue": "",
        "formdata": null,
        "attributename": "ENDPOINTS_FILTER",
        "credentialSaveStatus": false
      },
      {
        "encryptedattributevalue": "",
        "formdata": null,
        "credentialSaveStatus": false,
        "attributename": "PasswdPolicyJSON"
      },
      {
        "formdata": null,
        "encryptedattributevalue": "{\r\n   \"connectionTimeoutConfig\": {\r\n     \"connectionTimeout\": 10,\r\n     \"readTimeout\": 500,\r\n     \"writeTimeout\": 500,\r\n     \"retryWait\": 2,\r\n     \"retryCount\": 3\r\n   }\r\n }",
        "credentialSaveStatus": false,
        "attributename": "ConfigJSON"
      },
      {
        "encryptedattributevalue": "",
        "formdata": null,
        "credentialSaveStatus": false,
        "attributename": "AddFFIDAccessJSON"
      },
      {
        "encryptedattributevalue": "",
        "formdata": null,
        "credentialSaveStatus": false,
        "attributename": "RemoveFFIDAccessJSON"
      },
      {
        "encryptedattributevalue": "",
        "formdata": null,
        "attributename": "MODIFYUSERDATAJSON",
        "credentialSaveStatus": false
      },
      {
        "encryptedattributevalue": "",
        "formdata": null,
        "attributename": "SendOtpJSON",
        "credentialSaveStatus": false
      },
      {
        "encryptedattributevalue": "",
        "formdata": null,
        "attributename": "ValidateOtpJSON",
        "credentialSaveStatus": false
      },
      {
        "encryptedattributevalue": "",
        "formdata": null,
        "credentialSaveStatus": false,
        "attributename": "PAM_CONFIG"
      }
    ]
  }
}