{
  "ForgeRock": {
    "sslCertificateId": null,
    "msconnectorversion": null,
    "connectiondescription": "ForgeRock Connection",
    "connectorms": false,
    "templateName": null,
    "statusForEnableDisable": 1,
    "vaultCredentialConnection": null,
    "sslCertificate": null,
    "vaultConfig": null,
    "credentialChangeConfig": null,
    "templateMandatoryData": null,
    "connectorType": null,
    "connectionname": "ForgeRock",
    "externalconnectiontype": "REST",
    "status": 1,
    "EXTERNAL_ATTR": 
    [
      {
        "formdata": null,
        "credentialSaveStatus": false,
        "attributename": "ConnectionJSON",
        "encryptedattributevalue": "W0BQwICJgA4QnMUdMobNxg=="
      },
      {
        "encryptedattributevalue": "",
        "formdata": null,
        "attributename": "ImportUserJSON",
        "credentialSaveStatus": false
      },
      {
        "formdata": null,
        "credentialSaveStatus": false,
        "attributename": "ImportAccountEntJSON",
        "encryptedattributevalue": "{\r\n  \"accountParams\": {\r\n    \"connection\": \"userAuth\",\r\n    \"processingType\": \"SequentialAndIterative\",\r\n    \"statusAndThresholdConfig\": {\r\n      \"statusColumn\": \"customproperty7\",\r\n      \"activeStatus\": [\r\n        \"true\",\r\n        \"active\",\r\n        \"Active\",\r\n        1\r\n      ],\r\n      \"deleteLinks\": true,\r\n      \"accountThresholdValue\": 1000,\r\n      \"correlateInactiveAccounts\": true,\r\n      \"accountsNotInImportAction\": \"Suspend\",\r\n      \"deleteAccEntForActiveAccounts\": true\r\n    },\r\n    \"includeExistingInActiveAccounts\": true,\r\n    \"call\": {\r\n      \"call1\": {\r\n        \"callOrder\": 0,\r\n        \"stageNumber\": 0,\r\n        \"http\": {\r\n          \"url\": \"https://<URL>/openidm/managed/alpha_user?_queryFilter=frUnindexedString3+eq+%22Saviynt%22&_fields=%2A%2C%2A_ref\",\r\n          \"httpHeaders\": {\r\n            \"contentType\": \"application/json\",\r\n            \"Authorization\": \"${access_token}\",\r\n            \"Accept\": \"application/json\"\r\n          },\r\n          \"httpContentType\": \"application/json\",\r\n          \"httpMethod\": \"GET\"\r\n        },\r\n        \"successResponses\": {\r\n          \"statusCode\": [\r\n            200,\r\n            201,\r\n            202,\r\n            204\r\n          ]\r\n        },\r\n        \"unsuccessResponses\": {\r\n          \"statusCode\": [\r\n            400,\r\n            403,\r\n            401,\r\n            404,\r\n            409,\r\n            501,\r\n            500\r\n          ]\r\n        },\r\n        \"listField\": \"result\",\r\n        \"keyField\": \"accountID\",\r\n        \"statusConfig\": {\r\n          \"active\": \"active\",\r\n          \"inactive\": \"inactive\"\r\n        },\r\n        \"colsToPropsMap\": {\r\n          \"accountID\": \"_id~#~char\",\r\n          \"name\": \"mail~#~char\",\r\n          \"displayName\": \"mail~#~char\",\r\n          \"customproperty1\": \"sn~#~char\",\r\n          \"customproperty2\": \"givenName~#~char\",\r\n          \"customproperty3\": \"mail~#~char\",\r\n          \"status\": \"accountStatus~#~char\",\r\n          \"customproperty4\": \"frIndexedString3~#~char\",\r\n          \"customproperty5\": \"_id~#~char\",\r\n          \"customproperty6\": \"frUnindexedString3~#~char\",\r\n          \"customproperty7\": \"accountStatus~#~char\",\r\n          \"customproperty31\": \"STORE#ACC#ENT#MAPPINGINFO~#~char\"\r\n        }\r\n      }\r\n    },\r\n    \"acctEntMappings\": {\r\n      \"Group\": {\r\n        \"listPath\": \"authzRoles\",\r\n        \"idPath\": \"_refResourceId\",\r\n        \"keyField\": \"entitlementID\"\r\n      }\r\n    }\r\n  },\r\n  \"entitlementParams\": {\r\n    \"connection\": \"userAuth\",\r\n    \"processingType\": \"SequentialAndIterative\",\r\n    \"entTypes\": {\r\n      \"Group\": {\r\n        \"entTypeOrder\": 0,\r\n        \"call\": {\r\n          \"call1\": {\r\n            \"callOrder\": 0,\r\n            \"stageNumber\": 0,\r\n            \"http\": {\r\n              \"url\": \"https://<URL>/openidm/internal/role?_queryFilter=true\",\r\n              \"httpHeaders\": {\r\n                \"contentType\": \"application/json\",\r\n                \"Authorization\": \"${access_token}\",\r\n                \"Accept\": \"application/json\"\r\n              },\r\n              \"httpContentType\": \"application/json\",\r\n              \"httpMethod\": \"GET\"\r\n            },\r\n            \"successResponses\": {\r\n              \"statusCode\": [\r\n                200,\r\n                201,\r\n                202,\r\n                204\r\n              ]\r\n            },\r\n            \"unsuccessResponses\": {\r\n              \"statusCode\": [\r\n                400,\r\n                403,\r\n                401,\r\n                404,\r\n                409,\r\n                501,\r\n                500\r\n              ]\r\n            },\r\n            \"statusConfig\": {\r\n              \"active\": \"active\",\r\n              \"inactive\": \"inactive\"\r\n            },\r\n            \"listField\": \"result\",\r\n            \"keyField\": \"entitlementID\",\r\n            \"colsToPropsMap\": {\r\n              \"entitlementID\": \"_id~#~char\",\r\n              \"entitlement_value\": \"name~#~char\",\r\n              \"displayname\": \"name~#~char\",\r\n              \"customproperty1\": \"_id~#~char\",\r\n              \"customproperty2\": \"_rev~#~char\",\r\n              \"description\": \"description~#~char\",\r\n              \"acctEntMappingInfoColumnFromEnt\": \"STORE#ACC#ENT#MAPPINGINFO~#~char\"\r\n            },\r\n            \"disableDeletedEntitlements\": true\r\n          }\r\n        }\r\n      }\r\n    }\r\n  },\r\n  \"acctEntParams\": {\r\n    \"connection\": \"userAuth\",\r\n    \"entTypes\": {\r\n      \"Group\": {\r\n        \"call\": {\r\n          \"call1\": {\r\n            \"callOrder\": 0,\r\n            \"stageNumber\": 0,\r\n            \"processingType\": \"acctToEntMapping\"\r\n          }\r\n        }\r\n      }\r\n    }\r\n  }\r\n}"
      },
      {
        "encryptedattributevalue": "",
        "formdata": null,
        "credentialSaveStatus": false,
        "attributename": "STATUS_THRESHOLD_CONFIG"
      },
      {
        "encryptedattributevalue": "{\r\n  \"accountIdPath\": \"call.message._id\",\r\n  \"responseColsToPropsMap\": {\r\n    \"customproperty4\": \"call.message.frIndexedString3~#~char\"\r\n  },\r\n  \"call\": [\r\n    {\r\n      \"name\": \"call\",\r\n      \"connection\": \"userAuth\",\r\n      \"showResponse\": true,\r\n      \"url\": \"https://<URL>/openidm/managed/alpha_user/?_action=create&_fields=*,*_ref\",\r\n      \"httpMethod\": \"POST\",\r\n      \"httpParams\": \"{\\\"givenName\\\": \\\"${user.firstname}\\\",\\\"sn\\\": \\\"${user.lastname}\\\",\\\"mail\\\": \\\"${user.email}\\\",\\\"frIndexedString3\\\":\\\"${user.customproperty16}\\\",\\\"frUnindexedString3\\\":\\\"Saviynt\\\"}\",\r\n      \"httpHeaders\": {\r\n        \"Authorization\": \"${access_token}\",\r\n        \"Accept\": \"application/json\",\r\n        \"Content-Type\": \"application/json\"\r\n      },\r\n      \"httpContentType\": \"application/json\",\r\n      \"successResponses\": {\r\n        \"statusCode\": [\r\n          200,\r\n          201,\r\n          202,\r\n          204\r\n        ]\r\n      },\r\n      \"unsuccessResponses\": {\r\n        \"statusCode\": [\r\n          400,\r\n          401,\r\n          403,\r\n          404,\r\n          409,\r\n          429,\r\n          500,\r\n          503\r\n        ]\r\n      }\r\n    }\r\n  ]\r\n}",
        "formdata": null,
        "credentialSaveStatus": false,
        "attributename": "CreateAccountJSON"
      },
      {
        "formdata": null,
        "attributename": "UpdateAccountJSON",
        "credentialSaveStatus": false,
        "encryptedattributevalue": "{\r\n  \"accountIdPath\": \"call.message._id\",\r\n  \"responseColsToPropsMap\": {},\r\n  \"call\": [\r\n    {\r\n      \"name\": \"call\",\r\n      \"connection\": \"userAuth\",\r\n      \"showResponse\": true,\r\n      \"url\": \"https://<URL>/openidm/managed/alpha_user/${account.accountID}?_fields=*,*_ref\",\r\n      \"httpMethod\": \"PATCH\",\r\n      \"httpParams\": \"[{\\\"operation\\\": \\\"replace\\\",\\\"field\\\": \\\"sn\\\",\\\"value\\\":\\\"${user.lastname}\\\"},{\\\"operation\\\": \\\"replace\\\",\\\"field\\\": \\\"givenName\\\",\\\"value\\\":\\\"${user.firstname}\\\"},{\\\"operation\\\": \\\"replace\\\",\\\"field\\\": \\\"mail\\\",\\\"value\\\":\\\"${user.email}\\\"},{\\\"operation\\\": \\\"replace\\\",\\\"field\\\": \\\"aliasList\\\",\\\"value\\\":[\\\"${user.customproperty16}\\\"]}]\",\r\n      \"httpHeaders\": {\r\n        \"Authorization\": \"${access_token}\",\r\n        \"Accept\": \"application/json\",\r\n        \"Content-Type\": \"application/json\"\r\n      },\r\n      \"httpContentType\": \"application/json\",\r\n      \"successResponses\": {\r\n        \"statusCode\": [\r\n          200,\r\n          201,\r\n          202,\r\n          204\r\n        ]\r\n      },\r\n      \"unsuccessResponses\": {\r\n        \"statusCode\": [\r\n          400,\r\n          401,\r\n          403,\r\n          404,\r\n          409,\r\n          429,\r\n          500,\r\n          503\r\n        ]\r\n      }\r\n    }\r\n  ]\r\n}"
      },
      {
        "formdata": null,
        "credentialSaveStatus": false,
        "attributename": "EnableAccountJSON",
        "encryptedattributevalue": "{\r\n  \"accountIdPath\": \"call.message._id\",\r\n  \"call\": [\r\n    {\r\n      \"name\": \"call\",\r\n      \"connection\": \"userAuth\",\r\n      \"showResponse\": true,\r\n      \"url\": \"https://<URL>/openidm/managed/alpha_user/${account.accountID}?_fields=*,*_ref\",\r\n      \"httpMethod\": \"PATCH\",\r\n      \"httpParams\": \"[{\\\"field\\\": \\\"accountStatus\\\",\\\"value\\\": \\\"active\\\",\\\"operation\\\":\\\"replace\\\"}]\",\r\n      \"httpHeaders\": {\r\n        \"Authorization\": \"${access_token}\",\r\n        \"Accept\": \"application/json\",\r\n        \"Content-Type\": \"application/json\"\r\n      },\r\n      \"httpContentType\": \"application/json\",\r\n      \"successResponses\": {\r\n        \"statusCode\": [\r\n          200,\r\n          201,\r\n          202,\r\n          204\r\n        ]\r\n      },\r\n      \"unsuccessResponses\": {\r\n        \"statusCode\": [\r\n          400,\r\n          401,\r\n          403,\r\n          404,\r\n          409,\r\n          429,\r\n          500,\r\n          503\r\n        ]\r\n      }\r\n    }\r\n  ]\r\n}"
      },
      {
        "encryptedattributevalue": "{\r\n  \"accountIdPath\": \"call.message._id\",\r\n  \"call\": [\r\n    {\r\n      \"name\": \"call\",\r\n      \"connection\": \"userAuth\",\r\n      \"showResponse\": true,\r\n      \"url\": \"https://<URL>/openidm/managed/alpha_user/${account.accountID}?_fields=*,*_ref\",\r\n      \"httpMethod\": \"PATCH\",\r\n      \"httpParams\": \"[{\\\"operation\\\":\\\"replace\\\",\\\"field\\\": \\\"accountStatus\\\",\\\"value\\\": \\\"inactive\\\"}]\",\r\n      \"httpHeaders\": {\r\n        \"Authorization\": \"${access_token}\",\r\n        \"Accept\": \"application/json\",\r\n        \"Content-Type\": \"application/json\"\r\n      },\r\n      \"httpContentType\": \"application/json\",\r\n      \"successResponses\": {\r\n        \"statusCode\": [\r\n          200,\r\n          201,\r\n          202,\r\n          204\r\n        ]\r\n      },\r\n      \"unsuccessResponses\": {\r\n        \"statusCode\": [\r\n          400,\r\n          401,\r\n          403,\r\n          404,\r\n          409,\r\n          429,\r\n          500,\r\n          503\r\n        ]\r\n      }\r\n    }\r\n  ]\r\n}",
        "formdata": null,
        "credentialSaveStatus": false,
        "attributename": "DisableAccountJSON"
      },
      {
        "formdata": null,
        "credentialSaveStatus": false,
        "attributename": "AddAccessJSON",
        "encryptedattributevalue": "{\r\n  \"call\": [\r\n    {\r\n      \"name\": \"Group\",\r\n      \"connection\": \"userAuth\",\r\n      \"url\": \"https://<URL>/openidm/managed/alpha_user/${account.accountID}?_fields=*,*_ref\",\r\n      \"httpHeaders\": {\r\n        \"contentType\": \"application/json\",\r\n        \"Authorization\": \"${access_token}\",\r\n        \"Accept\": \"application/json\"\r\n      },\r\n      \"httpMethod\": \"PATCH\",\r\n      \"httpParams\": \"[{\\\"operation\\\": \\\"add\\\",\\\"field\\\": \\\"/authzRoles/-\\\",\\\"value\\\": {\\\"_ref\\\":\\\"internal/role/${entitlementValue.entitlementID}\\\"}}]\",\r\n      \"httpContentType\": \"application/json\",\r\n      \"successResponses\": {\r\n        \"statusCode\": [\r\n          200,\r\n          201,\r\n          202,\r\n          204\r\n        ]\r\n      },\r\n      \"unsuccessResponses\": {\r\n        \"statusCode\": [\r\n          400,\r\n          401,\r\n          403,\r\n          404,\r\n          429,\r\n          500,\r\n          503\r\n        ]\r\n      }\r\n    }\r\n  ]\r\n}"
      },
      {
        "formdata": null,
        "encryptedattributevalue": "{\r\n  \"call\": [\r\n    {\r\n      \"name\": \"Group\",\r\n      \"connection\": \"userAuth\",\r\n      \"url\": \"https://<URL>/openidm/managed/alpha_user/${account.accountID}?_fields=authzRoles\",\r\n      \"httpMethod\": \"GET\",\r\n      \"httpParams\": \"\",\r\n      \"httpHeaders\": {\r\n        \"Authorization\": \"${access_token}\"\r\n      },\r\n      \"httpContentType\": \"application/json\",\r\n      \"successResponses\": {\r\n        \"statusCode\": [\r\n          200,\r\n          201,\r\n          202\r\n        ]\r\n      },\r\n      \"unsuccessResponses\": {\r\n        \"statusCode\": [\r\n          400,\r\n          401,\r\n          403,\r\n          404,\r\n          429,\r\n          500,\r\n          503\r\n        ]\r\n      }\r\n    },\r\n    {\r\n      \"name\": \"Group\",\r\n      \"connection\": \"userAuth\",\r\n      \"url\": \"https://<URL>/openidm/managed/alpha_user/${account.accountID}?_fields=*,*_ref\",\r\n      \"httpMethod\": \"PATCH\",\r\n      \"httpParams\": \"[{\\\"operation\\\":\\\"remove\\\",\\\"field\\\":\\\"/authzRoles\\\",\\\"value\\\":{\\\"_ref\\\":\\\"internal/role/${entitlementValue.entitlementID}\\\",\\\"_refResourceCollection\\\":\\\"internal/role\\\",\\\"_refResourceId\\\":\\\"${entitlementValue.entitlementID}\\\",\\\"_refProperties\\\":${Map tempMap = new HashMap(); ArrayList arr = response.'Group1'.message.authzRoles; if(arr.size()>0){arr.eachWithIndex{ val, idx -> if(val._refResourceId?.equals(entitlementValue.entitlementID)){ tempMap.put('_id', val._refProperties._id);tempMap.put('_rev', val._refProperties._rev);}else{}}; tempBuilder = new groovy.json.JsonBuilder(tempMap); return tempBuilder.toString();}else{''}}}}]\",\r\n      \"httpHeaders\": {\r\n        \"Authorization\": \"${access_token}\"\r\n      },\r\n      \"httpContentType\": \"application/json\",\r\n      \"successResponses\": {\r\n        \"statusCode\": [\r\n          200\r\n        ]\r\n      },\r\n      \"unsuccessResponses\": {\r\n        \"statusCode\": [\r\n          400,\r\n          401,\r\n          403,\r\n          404,\r\n          409,\r\n          500,\r\n          503\r\n        ]\r\n      }\r\n    }\r\n  ]\r\n}",
        "credentialSaveStatus": false,
        "attributename": "RemoveAccessJSON"
      },
      {
        "encryptedattributevalue": "",
        "formdata": null,
        "credentialSaveStatus": false,
        "attributename": "UpdateUserJSON"
      },
      {
        "encryptedattributevalue": "",
        "formdata": null,
        "attributename": "ChangePassJSON",
        "credentialSaveStatus": false
      },
      {
        "formdata": null,
        "attributename": "RemoveAccountJSON",
        "credentialSaveStatus": false,
        "encryptedattributevalue": "{\r\n  \"call\": [\r\n    {\r\n      \"name\": \"call1\",\r\n      \"connection\": \"userAuth\",\r\n      \"url\": \"https://<URL>/openidm/managed/alpha_user/${account.customproperty5}\",\r\n      \"httpMethod\": \"DELETE\",\r\n      \"httpHeaders\": {\r\n        \"Authorization\": \"${access_token}\",\r\n        \"Accept\": \"application/json\"\r\n      },\r\n      \"httpContentType\": \"application/json\",\r\n      \"successResponses\": {\r\n        \"statusCode\": [\r\n          200,\r\n          201,\r\n          204\r\n        ]\r\n      },\r\n      \"unsuccessResponses\": {\r\n        \"statusCode\": [\r\n          400,\r\n          401,\r\n          403,\r\n          404,\r\n          429,\r\n          500,\r\n          503\r\n        ]\r\n      }\r\n    }\r\n  ]\r\n}"
      },
      {
        "encryptedattributevalue": "",
        "formdata": null,
        "credentialSaveStatus": false,
        "attributename": "TicketStatusJSON"
      },
      {
        "attributename": "CreateTicketJSON",
        "encryptedattributevalue": "",
        "formdata": null,
        "credentialSaveStatus": false
      },
      {
        "encryptedattributevalue": "",
        "formdata": null,
        "attributename": "ENDPOINTS_FILTER",
        "credentialSaveStatus": false
      },
      {
        "encryptedattributevalue": "",
        "formdata": null,
        "credentialSaveStatus": false,
        "attributename": "PasswdPolicyJSON"
      },
      {
        "formdata": null,
        "encryptedattributevalue": "{\r\n  \"showLogs\": true\r\n  }",
        "credentialSaveStatus": false,
        "attributename": "ConfigJSON"
      },
      {
        "encryptedattributevalue": "",
        "formdata": null,
        "credentialSaveStatus": false,
        "attributename": "AddFFIDAccessJSON"
      },
      {
        "encryptedattributevalue": "",
        "formdata": null,
        "credentialSaveStatus": false,
        "attributename": "RemoveFFIDAccessJSON"
      },
      {
        "encryptedattributevalue": "",
        "formdata": null,
        "attributename": "MODIFYUSERDATAJSON",
        "credentialSaveStatus": false
      },
      {
        "encryptedattributevalue": "",
        "formdata": null,
        "attributename": "SendOtpJSON",
        "credentialSaveStatus": false
      },
      {
        "encryptedattributevalue": "",
        "formdata": null,
        "attributename": "ValidateOtpJSON",
        "credentialSaveStatus": false
      },
      {
        "encryptedattributevalue": "",
        "formdata": null,
        "credentialSaveStatus": false,
        "attributename": "PAM_CONFIG"
      }
    ]
  }
}