{
  "SAP_ENTERPRISEPORTAL": {
    "templateMandatoryData": "uvuCocyRE20EiJTQzizXyitpW5Po+6Ny0+46oG6hk1FFssY2dmD5LmIOOXnCAhQFa5Zsw5wBs2ZOTXBWm0vDjrPyTDSeC1javBA5IYhg9sA=",
    "externalconnectiontype": "SOAP",
    "sslCertificateId": null,
    "msconnectorversion": null,
    "connectorms": false,
    "templateName": "SAP_ENTERPRISE_PORTAL",
    "statusForEnableDisable": 1,
    "vaultCredentialConnection": null,
    "sslCertificate": null,
    "connectiondescription": "SAP_ENTERPRISEPORTAL",
    "vaultConfig": null,
    "credentialChangeConfig": null,
    "connectionname": "SAP_ENTERPRISEPORTAL",
    "connectorType": null,
    "status": 0,
    "EXTERNAL_ATTR": 
    [
      {
        "formdata": null,
        "credentialSaveStatus": false,
        "attributename": "CONNECTIONJSON",
        "encryptedattributevalue": null
      },
      {
        "encryptedattributevalue": "",
        "formdata": null,
        "attributename": "SOAP_ENDPOINT",
        "credentialSaveStatus": false
      },
      {
        "formdata": null,
        "attributename": "SOAP_OR_XML",
        "credentialSaveStatus": false,
        "encryptedattributevalue": "SOAP"
      },
      {
        "encryptedattributevalue": "",
        "formdata": null,
        "attributename": "PAGE_SIZE",
        "credentialSaveStatus": false
      },
      {
        "attributename": "HR_IMPORT_JSON",
        "encryptedattributevalue": "",
        "formdata": null,
        "credentialSaveStatus": false
      },
      {
        "attributename": "ACCOUNTS_IMPORT_JSON",
        "formdata": null,
        "credentialSaveStatus": false,
        "encryptedattributevalue": "{\r\n  \"CONNECTION1\": \"login\",\r\n  \"RECONCILIATIONFIELD1\": \"NAME\",\r\n  \"REQUESTXML1\": \"<SOAP-ENV:Envelope xmlns:SOAP-ENV=\\\"http://schemas.xmlsoap.org/soap/envelope/\\\"><SOAP-ENV:Header><\u002fSOAP-ENV:Header><SOAP-ENV:Body><searchRequest requestID=\\\"search_01\\\"><filter><and><equalityMatch name=\\\"objectclass\\\"><value>sapuser<\u002fvalue><\u002fequalityMatch><substrings name=\\\"logonname\\\"><initial>*<\u002finitial><\u002fsubstrings><\u002fand><\u002ffilter><attributes><attribute name=\\\"logonname\\\"><\u002fattribute><attribute name=\\\"firstname\\\"><\u002fattribute><attribute name=\\\"lastname\\\"><\u002fattribute><attribute name=\\\"email\\\"><\u002fattribute><attribute name=\\\"validfrom\\\"><\u002fattribute><attribute name=\\\"validto\\\"><\u002fattribute><attribute name=\\\"displayname\\\"><\u002fattribute><attribute name=\\\"assignedroles\\\"><\u002fattribute><attribute name=\\\"assignedgroups\\\"><\u002fattribute><\u002fattributes><\u002fsearchRequest><\u002fSOAP-ENV:Body><\u002fSOAP-ENV:Envelope>\",\r\n  \"soapaction1\": \"\",\r\n  \"REQUESTPARAMS1\": {\r\n    \"X-Requested-With\": \"XMLHttpRequest\",\r\n    \"Content-Type\": \"text/xml;charset=UTF-8\",\r\n    \"Authorization\": \"${ACCESS_TOKEN}\"\r\n  },\r\n  \"RESPONSEDATAPATH1\": \"Body.searchResponse.searchResultEntry.attributes\",\r\n  \"ACCOUNTMAPPING1\": \"NAME: attr(@name=='logonname').value, CUSTOMPROPERTY1:attr(@name=='firstname').value,CUSTOMPROPERTY2:attr(@name=='lastname').value,CUSTOMPROPERTY3:attr(@name=='email').value,VALIDFROM:attr(@name=='validfrom').value?.format('yyyyMMddHHmmss'),VALIDTHROUGH:attr(@name=='validto').value.format('yyyyMMddHHmmss'),DISPLAYNAME:attr(@name=='displayname').value\",\r\n  \"ENTITLEMENTMAPPING1\": {\r\n    \"ROLE\": \"attr(@name=='assignedroles').value\",\r\n    \"GROUP\": \"attr(@name=='assignedgroups').value\"\r\n  }\r\n}"
      },
      {
        "encryptedattributevalue": "",
        "formdata": null,
        "credentialSaveStatus": false,
        "attributename": "STATUS_THRESHOLD_CONFIG"
      },
      {
        "encryptedattributevalue": "",
        "formdata": null,
        "credentialSaveStatus": false,
        "attributename": "CUSTOM_CONFIG"
      },
      {
        "encryptedattributevalue": "",
        "formdata": null,
        "credentialSaveStatus": false,
        "attributename": "RESPONSEPATH_TOTALRESULTS"
      },
      {
        "encryptedattributevalue": "",
        "formdata": null,
        "credentialSaveStatus": false,
        "attributename": "RESPONSEPATH_PAGERESULTS"
      },
      {
        "encryptedattributevalue": "",
        "formdata": null,
        "attributename": "RESPONSEPATH_USERLIST",
        "credentialSaveStatus": false
      },
      {
        "encryptedattributevalue": "",
        "formdata": null,
        "credentialSaveStatus": false,
        "attributename": "DATEFORMAT"
      },
      {
        "encryptedattributevalue": "",
        "formdata": null,
        "credentialSaveStatus": false,
        "attributename": "COMBINEDCREATEREQUEST"
      },
      {
        "encryptedattributevalue": "[\r\n  {\r\n    \"CONNECTION\": \"login\",\r\n    \"RESPONSEMAPPING\": {\r\n      \"task.provisioningcomments\": \"body.bodyContent.accountName\",\r\n      \"RESPONSECODE\": \"body.bodyContent.accountName\"\r\n    },\r\n    \"REQUESTXML\": \"<SOAP-ENV:Envelope xmlns:SOAP-ENV=\\\"http://schemas.xmlsoap.org/soap/envelope/\\\"><SOAP-ENV:Header><\u002fSOAP-ENV:Header><SOAP-ENV:Body><addRequest requestID=\\\"create\\\"><attributes><attr name=\\\"objectclass\\\"><value>sapuser<\u002fvalue><\u002fattr><attr name=\\\"logonname\\\"><value>${task.accountName}<\u002fvalue><\u002fattr><attr name=\\\"lastname\\\"><value>${task.users.lastname}<\u002fvalue><\u002fattr><attr name=\\\"firstname\\\"><value>${task.users.firstname}<\u002fvalue><\u002fattr><attr name=\\\"jobtitle\\\"><value>${user.jobcodedesc}<\u002fvalue><\u002fattr><attr name=\\\"telephone\\\"><value>${user.phonenumber}<\u002fvalue><\u002fattr><attr name=\\\"email\\\"><value>${user.email}<\u002fvalue><\u002fattr><attr name=\\\"department\\\"><value>${user.locationdesc}<\u002fvalue><\u002fattr><attr name=\\\"company\\\"><value>${user.customproperty1}<\u002fvalue><\u002fattr><attr name=\\\"zip\\\"><value>${user.regioncode}<\u002fvalue><\u002fattr><attr name=\\\"country\\\"><value>${user.country}<\u002fvalue><\u002fattr><attr name=\\\"city\\\"><value>${user.city}<\u002fvalue><\u002fattr><attr name=\\\"state\\\"><value>${user.region}<\u002fvalue><\u002fattr><attr name=\\\"orgunit\\\"><value>${user.orgunitid}<\u002fvalue><\u002fattr><attr name=\\\"validto\\\"><value>${new java.text.SimpleDateFormat(\\\"yyyyMMddHHmmss'Z'\\\").format(user?.enddate)}<\u002fvalue><\u002fattr><attr name=\\\"validfrom\\\"><value>${new java.text.SimpleDateFormat(\\\"yyyyMMddHHmmss'Z'\\\").format(user?.startdate)}<\u002fvalue><\u002fattr><attr name=\\\"password\\\"><value>${user.orgunitid}Hu!${new java.text.SimpleDateFormat('dd').format(user?.startdate)}<\u002fvalue><\u002fattr><attr name=\\\"passwordchangerequired\\\"><value>true<\u002fvalue><\u002fattr><\u002fattributes><\u002faddRequest><\u002fSOAP-ENV:Body><\u002fSOAP-ENV:Envelope>\"\r\n  }\r\n]",
        "formdata": null,
        "credentialSaveStatus": false,
        "attributename": "CREATEACCOUNTJSON"
      },
      {
        "formdata": null,
        "attributename": "UPDATEACCOUNTJSON",
        "encryptedattributevalue": "[\r\n  {\r\n    \"CONNECTION\": \"login\",\r\n    \"REQUESTXML\": \"<SOAP-ENV:Envelope xmlns:SOAP-ENV=\\\"http://schemas.xmlsoap.org/soap/envelope/\\\"><SOAP-ENV:Header><\u002fSOAP-ENV:Header><SOAP-ENV:Body><modifyRequest requestID=\\\"modify-update\\\"><identifier type=\\\"GenericString\\\"><id>SPML.SAPUSER.${task.accountName}<\u002fid><\u002fidentifier><modifications><modification name=\\\"firstname\\\"><value>${user.firstname}<\u002fvalue><\u002fmodification><modification name=\\\"lastname\\\"><value>${user.lastname}<\u002fvalue><\u002fmodification><modification name=\\\"jobtitle\\\"><value>${user.jobcodedesc}<\u002fvalue><\u002fmodification><modification name=\\\"email\\\"><value>${user.email}<\u002fvalue><\u002fmodification><modification name=\\\"telephone\\\"><value>${user.phonenumber}<\u002fvalue><\u002fmodification><modification name=\\\"department\\\"><value>${user.locationdesc}<\u002fvalue><\u002fmodification><modification name=\\\"company\\\"><value>${user.customproperty1}<\u002fvalue><\u002fmodification><modification name=\\\"zip\\\"><value>${user.regioncode}<\u002fvalue><\u002fmodification><modification name=\\\"country\\\"><value>${user.country}<\u002fvalue><\u002fmodification><modification name=\\\"city\\\"><value>${user.city}<\u002fvalue><\u002fmodification><modification name=\\\"state\\\"><value>${user.region}<\u002fvalue><\u002fmodification><modification name=\\\"orgunit\\\"><value>${user.orgunitid}<\u002fvalue><\u002fmodification><modification name=\\\"validto\\\"><value>${new java.text.SimpleDateFormat(\\\"yyyyMMddHHmmss'Z'\\\").format(user?.enddate)}<\u002fvalue><\u002fmodification><modification name=\\\"validfrom\\\"><value>${new java.text.SimpleDateFormat(\\\"yyyyMMddHHmmss'Z'\\\").format(user?.startdate)}<\u002fvalue><\u002fmodification><\u002fmodifications><\u002fmodifyRequest><\u002fSOAP-ENV:Body><\u002fSOAP-ENV:Envelope>\",\r\n    \"RESPONSEMAPPING\": {\r\n      \"ACCOUNT.ACCOUNTID\": \"body.bodyContent.id\",\r\n      \"TASK.TICKETID\": \"Body.modifyResponse.Status\"\r\n    }\r\n  }\r\n]",
        "credentialSaveStatus": false
      },
      {
        "formdata": null,
        "encryptedattributevalue": "[\r\n  {\r\n    \"CONNECTION\": \"login\",\r\n    \"REQUESTXML\": \"<SOAP-ENV:Envelope xmlns:SOAP-ENV=\\\"http://schemas.xmlsoap.org/soap/envelope/\\\"><SOAP-ENV:Header><\u002fSOAP-ENV:Header><SOAP-ENV:Body><modifyRequest requestID=\\\"modify-delete\\\"><identifier type=\\\"GenericString\\\"><id>SPML.SAPUSER.${task.accountName}<\u002fid><\u002fidentifier><modifications><modification name=\\\"islocked\\\"><value>true<\u002fvalue><\u002fmodification><modification name=\\\"validto\\\"><value>${new java.text.SimpleDateFormat(\\\"yyyyMMddHHmmss'Z'\\\").format(new Date())}<\u002fvalue><\u002fmodification><modification name=\\\"assignedroles\\\" operation=\\\"delete\\\"><\u002fmodification><modification name=\\\"assignedgroups\\\" operation=\\\"delete\\\"><\u002fmodification><\u002fmodifications><\u002fmodifyRequest><\u002fSOAP-ENV:Body><\u002fSOAP-ENV:Envelope>\",\r\n    \"RESPONSEMAPPING\": {\r\n      \"ACCOUNT.ACCOUNTID\": \"body.bodyContent.id\",\r\n      \"TASK.TICKETID\": \"Body.modifyResponse.Status\"\r\n    }\r\n  }\r\n]",
        "credentialSaveStatus": false,
        "attributename": "DELETEACCOUNTJSON"
      },
      {
        "encryptedattributevalue": "",
        "attributename": "DISABLEACCOUNTJSON",
        "formdata": null,
        "credentialSaveStatus": false
      },
      {
        "formdata": null,
        "credentialSaveStatus": false,
        "encryptedattributevalue": "[\r\n  {\r\n    \"CONNECTION\": \"login\",\r\n    \"REQUESTXML\": \"<SOAP-ENV:Envelope xmlns:SOAP-ENV=\\\"http://schemas.xmlsoap.org/soap/envelope/\\\"><SOAP-ENV:Header><\u002fSOAP-ENV:Header><SOAP-ENV:Body><modifyRequest requestID=\\\"modify-enable\\\"><identifier type=\\\"GenericString\\\"><id>SPML.SAPUSER.${task.accountName}<\u002fid><\u002fidentifier><modifications><modification name=\\\"islocked\\\"><value>false<\u002fvalue><\u002fmodification><modification name=\\\"validto\\\"><value>${new java.text.SimpleDateFormat(\\\"yyyyMMddHHmmss'Z'\\\").format(user?.enddate)}<\u002fvalue><\u002fmodification><\u002fmodifications><\u002fmodifyRequest><\u002fSOAP-ENV:Body><\u002fSOAP-ENV:Envelope>\",\r\n    \"RESPONSEMAPPING\": {\r\n      \"ACCOUNT.ACCOUNTID\": \"body.bodyContent.id\",\r\n      \"TASK.TICKETID\": \"Body.modifyResponse.Status\"\r\n    }\r\n  }\r\n]",
        "attributename": "ENABLEACCOUNTJSON"
      },
      {
        "formdata": null,
        "attributename": "GRANTACCESSJSON",
        "encryptedattributevalue": "[\r\n  {\r\n    \"CONNECTION\": \"login\",\r\n    \"REQUESTXML\": \"<SOAP-ENV:Envelope xmlns:SOAP-ENV=\\\"http://schemas.xmlsoap.org/soap/envelope/\\\"><SOAP-ENV:Header><\u002fSOAP-ENV:Header><SOAP-ENV:Body><modifyRequest requestID=\\\"modify-grantaccess\\\"><identifier type=\\\"GenericString\\\"><id>${entTask.entitlement_valueKey.entitlement_value}<\u002fid><\u002fidentifier><modifications><modification name=\\\"member\\\" operation=\\\"add\\\"><value>SPML.SAPUSER.${entTask.accountName}<\u002fvalue><\u002fmodification><\u002fmodifications><\u002fmodifyRequest><\u002fSOAP-ENV:Body><\u002fSOAP-ENV:Envelope>\",\r\n    \"RUNFOREACHENT\": \"TRUE\",\r\n    \"RESPONSEMAPPING\": {\r\n      \"ACCOUNT.ACCOUNTID\": \"body.bodyContent.id\",\r\n      \"TASK.TICKETID\": \"Body.modifyResponse.Status\"\r\n    }\r\n  }\r\n]",
        "credentialSaveStatus": false
      },
      {
        "formdata": null,
        "attributename": "REVOKEACCESSJSON",
        "credentialSaveStatus": false,
        "encryptedattributevalue": "[\r\n  {\r\n    \"CONNECTION\": \"login\",\r\n    \"REQUESTXML\": \"<SOAP-ENV:Envelope xmlns:SOAP-ENV=\\\"http://schemas.xmlsoap.org/soap/envelope/\\\"><SOAP-ENV:Header><\u002fSOAP-ENV:Header><SOAP-ENV:Body><modifyRequest requestID=\\\"modify-revokeaccess\\\"><identifier type=\\\"GenericString\\\"><id>${entTask.entitlement_valueKey.entitlement_value}<\u002fid><\u002fidentifier><modifications><modification name=\\\"member\\\" operation=\\\"delete\\\"><value>SPML.SAPUSER.${entTask.accountName}<\u002fvalue><\u002fmodification><\u002fmodifications><\u002fmodifyRequest><\u002fSOAP-ENV:Body><\u002fSOAP-ENV:Envelope>\",\r\n    \"RUNFOREACHENT\": \"TRUE\",\r\n    \"RESPONSEMAPPING\": {\r\n      \"ACCOUNT.ACCOUNTID\": \"body.bodyContent.id\",\r\n      \"TASK.TICKETID\": \"Body.modifyResponse.Status\"\r\n    }\r\n  }\r\n]"
      },
      {
        "formdata": null,
        "credentialSaveStatus": false,
        "attributename": "CHANGEPASSJSON",
        "encryptedattributevalue": null
      },
      {
        "encryptedattributevalue": "",
        "formdata": null,
        "attributename": "UPDATEUSERJSON",
        "credentialSaveStatus": false
      },
      {
        "encryptedattributevalue": "",
        "formdata": null,
        "attributename": "TICKETSTATUSJSON",
        "credentialSaveStatus": false
      },
      {
        "encryptedattributevalue": "",
        "formdata": null,
        "attributename": "MODIFYUSERDATAJSON",
        "credentialSaveStatus": false
      }
    ]
  }
}